id,created_at,subject,from,to,cc,bcc,reply_to,last_event,sent_at,scheduled_at,api_key_id,oauth_grant_id
c46939ec-7132-42c5-b78d-cc76e843aea4,2026-07-24 12:22:42.453229+00,Demo run: Search Console Weekly — score 3/10,Strategic Flow <onboarding@resend.dev>,consultantcalatorii@gmail.com,,,,opened,2026-07-24 12:22:42.584+00,,24236843-a459-40f7-87b4-5e3de9e4497a,
5ee21ae6-c9fc-42ad-95c2-5c1e2d5f67e3,2026-07-24 12:30:52.851245+00,Demo run: Semrush — score 3/10,Strategic Flow <onboarding@resend.dev>,consultantcalatorii@gmail.com,,,,opened,2026-07-24 12:30:52.985+00,,24236843-a459-40f7-87b4-5e3de9e4497a,
6260c396-9037-4119-a501-f0eecc1a32d0,2026-07-24 15:34:50.594974+00,Demo run: Semrush — score 3/10,Strategic Flow <onboarding@resend.dev>,consultantcalatorii@gmail.com,,,,opened,2026-07-24 15:34:50.738+00,,24236843-a459-40f7-87b4-5e3de9e4497a,
0c68d0eb-10b6-4d47-8ca1-84c59e970ea2,2026-07-24 15:57:32.428772+00,Demo run: Strategic Flow — score 2/10,Strategic Flow <onboarding@resend.dev>,consultantcalatorii@gmail.com,,,,opened,2026-07-24 15:57:32.567+00,,24236843-a459-40f7-87b4-5e3de9e4497a,
2cd4eac7-0370-4eac-ac73-7d20cd666c59,2026-07-24 16:10:57.252992+00,Demo run: Strategic Flow — score 6/10,Strategic Flow <onboarding@resend.dev>,consultantcalatorii@gmail.com,,,,opened,2026-07-24 16:10:57.383+00,,24236843-a459-40f7-87b4-5e3de9e4497a,
f0a40bd2-8f3c-4afb-ba9e-7d90905d083a,2026-07-24 16:13:25.737766+00,Demo run: Strategic Flow — score 3/10,Strategic Flow <onboarding@resend.dev>,consultantcalatorii@gmail.com,,,,opened,2026-07-24 16:13:25.881+00,,24236843-a459-40f7-87b4-5e3de9e4497a,
8bcb70d2-e6a3-4647-af63-a4ba3c848e33,2026-07-24 16:21:25.625856+00,Demo run: Strategic Flow — score 5/10,Strategic Flow <onboarding@resend.dev>,consultantcalatorii@gmail.com,,,,opened,2026-07-24 16:21:25.751+00,,24236843-a459-40f7-87b4-5e3de9e4497a,
c8d39b9c-f838-44eb-93d6-5b80d9521847,2026-07-24 16:26:28.316425+00,Demo run: Strategic Flow — score 3/10,Strategic Flow <onboarding@resend.dev>,consultantcalatorii@gmail.com,,,,opened,2026-07-24 16:26:28.452+00,,24236843-a459-40f7-87b4-5e3de9e4497a,
7a75499a-10a5-4a45-bbd6-b4e662202873,2026-07-24 20:43:16.76264+00,Demo run: Strategic Flow — score 4/10,Strategic Flow <onboarding@resend.dev>,consultantcalatorii@gmail.com,,,,opened,2026-07-24 20:43:16.912+00,,24236843-a459-40f7-87b4-5e3de9e4497a,
238c460e-cac7-4392-9b6d-6661752a5eda,2026-07-24 20:48:37.901999+00,Demo run: Strategic Flow — score 3/10,Strategic Flow <onboarding@resend.dev>,consultantcalatorii@gmail.com,,,,opened,2026-07-24 20:48:38.057+00,,24236843-a459-40f7-87b4-5e3de9e4497a,
09cbc886-3616-42f3-9bc0-bd3c439a50a9,2026-07-25 22:27:41.027623+00,Demo run: Strategic Flow — score 5/10,Strategic Flow <onboarding@resend.dev>,consultantcalatorii@gmail.com,,,,opened,2026-07-25 22:27:41.162+00,,24236843-a459-40f7-87b4-5e3de9e4497a,
956bdd16-e3b5-4663-887b-569b3f459524,2026-07-26 09:09:50.335569+00,Your AI Visibility Score: 0.0/10 — Strategic Flow,Strategic Flow <noreply@strategicflow.tech>,alex@strategicflow.tech,,,,delivered,2026-07-26 09:09:50.625+00,,24236843-a459-40f7-87b4-5e3de9e4497a,
bf27ecf2-58c3-4801-8f6a-261a2e3c52d5,2026-07-27 14:55:51.21218+00,Your deep dive is ready,Alex at Strategic Flow <alex@strategicflow.tech>,consultantcalatorii@gmail.com,,,,delivered,2026-07-27 14:55:51.51+00,,24236843-a459-40f7-87b4-5e3de9e4497a,
3fe5b722-feba-479f-958f-70ca8ac7269a,2026-07-29 15:00:08.844069+00,The layer most teams skip,Alex at Strategic Flow <alex@strategicflow.tech>,consultantcalatorii@gmail.com,,,,delivered,2026-07-29 15:00:09.252+00,,24236843-a459-40f7-87b4-5e3de9e4497a,
d24bd70c-7356-4055-9473-4a42ad099f17,2026-07-31 12:23:24.922215+00,"Verify you own ""Circle Crop Image"" on Strategic Flow Directory",noreply@strategicflow.tech,owner@circlecropimage.dev,,,,bounced,2026-07-31 12:23:25.289+00,,24236843-a459-40f7-87b4-5e3de9e4497a,
ccaf5ae3-738c-4c8b-bbf6-9c3224ef7049,2026-07-31 15:00:26.665592+00,See the same thinking applied to one email,Alex at Strategic Flow <alex@strategicflow.tech>,consultantcalatorii@gmail.com,,,,delivered,2026-07-31 15:00:26.997+00,,24236843-a459-40f7-87b4-5e3de9e4497a,
2517db58-e3c2-4ca6-8773-41f8be62bbd3,2026-07-31 23:48:51.262686+00,"Verify you own ""SiliForm"" on Strategic Flow Directory",noreply@strategicflow.tech,test@gmail.com,,,,suppressed,2026-07-31 23:48:51.58+00,,24236843-a459-40f7-87b4-5e3de9e4497a,
d2cba77b-7f31-4d5b-a1ad-0038d2fcc70a,2026-08-01 00:01:57.948294+00,"Verify you own ""WHY Audit™"" on Strategic Flow Directory",noreply@strategicflow.tech,strategicflow@proton.me,,,,delivered,2026-08-01 00:01:58.29+00,,24236843-a459-40f7-87b4-5e3de9e4497a,
aed17d9c-f535-4741-b3bc-a37c1482f87b,2026-08-01 00:02:32.639651+00,"You've claimed ""WHY Audit™"" on Strategic Flow Directory ✓",noreply@strategicflow.tech,strategicflow@proton.me,,,,delivered,2026-08-01 00:02:32.965+00,,24236843-a459-40f7-87b4-5e3de9e4497a,
0df8bcb2-6d3b-4e56-92e7-c85ff805094c,2026-08-01 00:20:54.599816+00,"Verify you own ""Strategic Flow Audit"" on Strategic Flow Directory",noreply@strategicflow.tech,strategicflow@proton.me,,,,delivered,2026-08-01 00:20:54.919+00,,24236843-a459-40f7-87b4-5e3de9e4497a,
85478e0d-91a7-48a8-b01a-6036cf478b08,2026-08-01 00:21:13.957951+00,"You've claimed ""Strategic Flow Audit"" on Strategic Flow Directory ✓",noreply@strategicflow.tech,strategicflow@proton.me,,,,delivered,2026-08-01 00:21:14.275+00,,24236843-a459-40f7-87b4-5e3de9e4497a,
aaf34cb2-2027-40c9-b855-2b234d83ec3b,2026-08-01 00:37:13.711168+00,"Verify you own ""WHY Audit™"" on Strategic Flow Directory",noreply@strategicflow.tech,strategicflow@proton.me,,,,delivered,2026-08-01 00:37:14.04+00,,24236843-a459-40f7-87b4-5e3de9e4497a,
c83b842e-5feb-492f-8bc2-7896734f76db,2026-08-01 00:37:30.790183+00,"You've claimed ""WHY Audit™"" on Strategic Flow Directory ✓",noreply@strategicflow.tech,strategicflow@proton.me,,,,delivered,2026-08-01 00:37:31.083+00,,24236843-a459-40f7-87b4-5e3de9e4497a,
bd577b53-0b0b-4450-9d83-a2ba28c88255,2026-08-01 00:58:51.829351+00,"Verify you own ""WHY Audit™"" on Strategic Flow Directory",noreply@strategicflow.tech,strategicflow@proton.me,,,,delivered,2026-08-01 00:58:52.162+00,,24236843-a459-40f7-87b4-5e3de9e4497a,
7080dbb6-c651-4e36-ad06-cd7318f46906,2026-08-01 01:05:33.952864+00,"Verify you own ""WHY Audit™"" on Strategic Flow Directory",noreply@strategicflow.tech,strategicflow@proton.me,,,,delivered,2026-08-01 01:05:34.268+00,,24236843-a459-40f7-87b4-5e3de9e4497a,
24ee1331-8687-4cc5-a4c2-64c6170af3f1,2026-08-01 01:05:59.297045+00,"You've claimed ""WHY Audit™"" on Strategic Flow Directory ✓",noreply@strategicflow.tech,strategicflow@proton.me,,,,delivered,2026-08-01 01:05:59.621+00,,24236843-a459-40f7-87b4-5e3de9e4497a,
7d3ed8cb-9309-451e-b32f-4dc0201e82b7,2026-08-01 01:10:29.393031+00,"Verify you own ""WHY Audit™"" on Strategic Flow Directory",noreply@strategicflow.tech,strategicflow@proton.me,,,,delivered,2026-08-01 01:10:29.855+00,,24236843-a459-40f7-87b4-5e3de9e4497a,
e2e3cf12-4009-4d14-a3ce-0a8a0a4a0dfa,2026-08-01 01:10:52.2951+00,"You've claimed ""WHY Audit™"" on Strategic Flow Directory ✓",noreply@strategicflow.tech,strategicflow@proton.me,,,,delivered,2026-08-01 01:10:52.651+00,,24236843-a459-40f7-87b4-5e3de9e4497a,
6b8cb22f-ed7c-44cf-a277-420f3dfd30ef,2026-08-01 01:22:15.669302+00,"Verify you own ""Strategic Flow Audit"" on Strategic Flow Directory",noreply@strategicflow.tech,strategicflow@proton.me,,,,delivered,2026-08-01 01:22:16.008+00,,24236843-a459-40f7-87b4-5e3de9e4497a,
19765325-2ae7-4642-bcba-8e47ab5738cd,2026-08-01 01:22:32.761251+00,"You've claimed ""Strategic Flow Audit"" on Strategic Flow Directory ✓",noreply@strategicflow.tech,strategicflow@proton.me,,,,delivered,2026-08-01 01:22:33.075+00,,24236843-a459-40f7-87b4-5e3de9e4497a,
67c39ea2-f560-4ab7-b822-1ffd39919f1d,2026-08-01 11:31:35.823062+00,"Verify you own ""WHY Audit™"" on Strategic Flow Directory",noreply@strategicflow.tech,strategicflow@proton.me,,,,delivered,2026-08-01 11:31:36.116+00,,24236843-a459-40f7-87b4-5e3de9e4497a,
f2d24fa9-845c-4d18-87d2-4e618ed0c0e7,2026-08-01 11:31:54.627729+00,"You've claimed ""WHY Audit™"" on Strategic Flow Directory ✓",noreply@strategicflow.tech,strategicflow@proton.me,,,,delivered,2026-08-01 11:31:54.983+00,,24236843-a459-40f7-87b4-5e3de9e4497a,
80b85428-0004-43b3-aab8-4f001ac3c57b,2026-08-01 11:48:59.730248+00,"Verify you own ""WHY Audit™"" on Strategic Flow Directory",noreply@strategicflow.tech,strategicflow@proton.me,,,,delivered,2026-08-01 11:49:00.077+00,,24236843-a459-40f7-87b4-5e3de9e4497a,
2cb33573-e94c-411c-9428-d0f6dd81fedb,2026-08-01 11:49:21.943213+00,"You've claimed ""WHY Audit™"" on Strategic Flow Directory ✓",noreply@strategicflow.tech,strategicflow@proton.me,,,,delivered,2026-08-01 11:49:22.252+00,,24236843-a459-40f7-87b4-5e3de9e4497a,
b4f56b09-c3c0-4e87-b618-abbcf03c44e1,2026-08-01 11:49:49.965591+00,"Verify you own ""WHY Audit™"" on Strategic Flow Directory",noreply@strategicflow.tech,strategicflow@proton.me,,,,delivered,2026-08-01 11:49:50.287+00,,24236843-a459-40f7-87b4-5e3de9e4497a,
19daa78f-1993-4513-a32f-9bee408833e6,2026-08-01 11:50:11.607588+00,"You've claimed ""WHY Audit™"" on Strategic Flow Directory ✓",noreply@strategicflow.tech,strategicflow@proton.me,,,,delivered,2026-08-01 11:50:11.926+00,,24236843-a459-40f7-87b4-5e3de9e4497a,
b66794c1-9237-4774-a5df-9704e0490450,2026-08-01 11:59:00.734269+00,"Verify you own ""WHY Audit™"" on Strategic Flow Directory",noreply@strategicflow.tech,strategicflow@proton.me,,,,delivered,2026-08-01 11:59:01.037+00,,24236843-a459-40f7-87b4-5e3de9e4497a,
110cc714-1182-49e1-bb33-987daa55bd00,2026-08-01 12:00:48.895537+00,"Verify you own ""WHY Audit™"" on Strategic Flow Directory",noreply@strategicflow.tech,strategicflow@proton.me,,,,delivered,2026-08-01 12:00:49.238+00,,24236843-a459-40f7-87b4-5e3de9e4497a,
cbc503af-6dad-43fc-8640-45bd3dd45115,2026-08-01 12:01:33.884039+00,"You've claimed ""WHY Audit™"" on Strategic Flow Directory ✓",noreply@strategicflow.tech,strategicflow@proton.me,,,,delivered,2026-08-01 12:01:34.238+00,,24236843-a459-40f7-87b4-5e3de9e4497a,
470b8f19-ec5f-4dd8-947d-82c2d86e21f5,2026-08-01 12:17:43.757808+00,"Verify you own ""Strategic Flow Audit"" on Strategic Flow Directory",noreply@strategicflow.tech,strategicflow@proton.me,,,,delivered,2026-08-01 12:17:44.068+00,,24236843-a459-40f7-87b4-5e3de9e4497a,
43ae01d5-fa7c-42c1-a8f9-76eedcdac7f7,2026-08-01 12:18:02.308096+00,"You've claimed ""Strategic Flow Audit"" on Strategic Flow Directory ✓",noreply@strategicflow.tech,strategicflow@proton.me,,,,delivered,2026-08-01 12:18:02.635+00,,24236843-a459-40f7-87b4-5e3de9e4497a,
675bba63-e0ca-46a8-b52a-793082802bda,2026-08-02 10:42:34.625749+00,"Verify you own ""1-Click Linux"" on Strategic Flow Directory",noreply@strategicflow.tech,support@1clicklinux.org,,,,delivered,2026-08-02 10:42:34.93+00,,24236843-a459-40f7-87b4-5e3de9e4497a,
5ced9e41-93b7-4e0e-b985-d3e92adb71ee,2026-08-02 10:42:57.798392+00,"You've claimed ""1-Click Linux"" on Strategic Flow Directory ✓",noreply@strategicflow.tech,support@1clicklinux.org,,,,delivered,2026-08-02 10:42:58.093+00,,24236843-a459-40f7-87b4-5e3de9e4497a,
2f8489f7-c4ab-4f10-ac11-93cf38256a55,2026-08-02 18:13:55.769753+00,"Verify you own ""Hayati AI Nexus"" on Strategic Flow Directory",noreply@strategicflow.tech,hayatierptools@gmail.com,,,,delivered,2026-08-02 18:13:56.082+00,,24236843-a459-40f7-87b4-5e3de9e4497a,
ea371994-ed5c-4f99-a019-e1fb5ddbc7f7,2026-08-02 18:14:50.979398+00,"You've claimed ""Hayati AI Nexus"" on Strategic Flow Directory ✓",noreply@strategicflow.tech,hayatierptools@gmail.com,,,,delivered,2026-08-02 18:14:51.306+00,,24236843-a459-40f7-87b4-5e3de9e4497a,
0bb2bd88-aecb-4b11-800f-8cd5a480e3a6,2026-08-03 11:25:42.616463+00,"Verify you own ""QuickEstimate"" on Strategic Flow Directory",noreply@strategicflow.tech,support@quickestimate.io,,,,delivered,2026-08-03 11:25:42.957+00,,24236843-a459-40f7-87b4-5e3de9e4497a,
f50e1e47-64d3-45fd-a629-0d242d252c91,2026-08-03 11:26:02.579455+00,"You've claimed ""QuickEstimate"" on Strategic Flow Directory ✓",noreply@strategicflow.tech,support@quickestimate.io,,,,delivered,2026-08-03 11:26:02.908+00,,24236843-a459-40f7-87b4-5e3de9e4497a,
9e84fd30-32a3-4455-8d89-ccfc57c03db0,2026-08-04 00:12:32.647567+00,Your AI Visibility Score: 0.0/10 — Strategic Flow,Strategic Flow <noreply@strategicflow.tech>,consultantcalatorii@gmail.com,,,,delivered,2026-08-04 00:12:32.965+00,,24236843-a459-40f7-87b4-5e3de9e4497a,
fc5d5385-f9c1-42e3-9be2-8354a6c38212,2026-08-05 01:01:39.851938+00,We already built VIDEO AI ME's ToolIndex page,noreply@strategicflow.tech,support@videoai.me,,,strategicflow@proton.me,bounced,2026-08-05 01:01:40.201+00,,24236843-a459-40f7-87b4-5e3de9e4497a,
2876dabe-da80-43b5-8989-3f3d631e5596,2026-08-05 09:47:03.165682+00,We already built SEObot's ToolIndex page,noreply@strategicflow.tech,john@marsx.dev,,,strategicflow@proton.me,delivered,2026-08-05 09:47:03.478+00,,24236843-a459-40f7-87b4-5e3de9e4497a,
e8a0039a-0a33-42b3-87dd-2ae28c98bd8a,2026-08-05 09:47:04.165246+00,We already built UndetectedGPT's ToolIndex page,noreply@strategicflow.tech,contact@undetectedgpt.ai,,,strategicflow@proton.me,delivered,2026-08-05 09:47:04.486+00,,24236843-a459-40f7-87b4-5e3de9e4497a,
ca994367-7017-49f8-a839-099c9e4d08ae,2026-08-05 09:47:05.010653+00,We already built Qria's ToolIndex page,noreply@strategicflow.tech,hello@qria.io,,,strategicflow@proton.me,delivered,2026-08-05 09:47:05.325+00,,24236843-a459-40f7-87b4-5e3de9e4497a,
6363c462-af42-409a-a6cf-6362dd83bae0,2026-08-05 09:47:05.906337+00,We already built Blix's ToolIndex page,noreply@strategicflow.tech,info@blix.ai,,,strategicflow@proton.me,delivered,2026-08-05 09:47:06.692+00,,24236843-a459-40f7-87b4-5e3de9e4497a,
f71cbe15-8833-4918-b304-a479f8d929ae,2026-08-05 09:47:06.874492+00,We already built Ecommerce Leads's ToolIndex page,noreply@strategicflow.tech,diogo@getecommerceleads.com,,,strategicflow@proton.me,delivered,2026-08-05 09:47:07.223+00,,24236843-a459-40f7-87b4-5e3de9e4497a,
40d76920-19ee-4772-a147-7bd4237406c5,2026-08-05 09:47:07.769705+00,We already built Mini C-Arm's ToolIndex page,noreply@strategicflow.tech,info@minicarm.com,,,strategicflow@proton.me,delivered,2026-08-05 09:47:08.093+00,,24236843-a459-40f7-87b4-5e3de9e4497a,
9925fb43-1973-4f2f-b5c0-82890cc6d566,2026-08-05 09:47:08.668202+00,We already built MailSynth's ToolIndex page,noreply@strategicflow.tech,support@mailsynth.com,,,strategicflow@proton.me,delivered,2026-08-05 09:47:08.966+00,,24236843-a459-40f7-87b4-5e3de9e4497a,
74bda390-6530-4242-8db2-b1416e866e8a,2026-08-05 09:47:09.510422+00,We already built Ruby Chat - AI Roleplay's ToolIndex page,noreply@strategicflow.tech,support@rubychat.app,,,strategicflow@proton.me,delivered,2026-08-05 09:47:10.326+00,,24236843-a459-40f7-87b4-5e3de9e4497a,
ad02be0e-dec0-472d-bf5f-d450eb8004d8,2026-08-05 09:47:10.338391+00,We already built URL2Pin's ToolIndex page,noreply@strategicflow.tech,hello@url2pin.com,,,strategicflow@proton.me,delivered,2026-08-05 09:47:10.66+00,,24236843-a459-40f7-87b4-5e3de9e4497a,
ced84354-2575-42df-bbed-4ab0f849c9e0,2026-08-05 09:47:11.233676+00,We already built The SEO Agent's ToolIndex page,noreply@strategicflow.tech,jeremy@theseoagent.ai,,,strategicflow@proton.me,delivered,2026-08-05 09:47:12.022+00,,24236843-a459-40f7-87b4-5e3de9e4497a,
d34e8a43-035b-4f52-b339-e02b069b53b2,2026-08-05 09:47:12.11901+00,We already built Magic Listing AI's ToolIndex page,noreply@strategicflow.tech,support@insightagent.app,,,strategicflow@proton.me,bounced,2026-08-05 09:47:12.961+00,,24236843-a459-40f7-87b4-5e3de9e4497a,
c59d99b1-66ed-4d7c-a00f-b242f3345e1b,2026-08-05 09:47:13.053433+00,We already built SocialKit's ToolIndex page,noreply@strategicflow.tech,jonathan@socialkit.dev,,,strategicflow@proton.me,delivered,2026-08-05 09:47:13.35+00,,24236843-a459-40f7-87b4-5e3de9e4497a,
42080770-e14c-4c15-b66d-36bd181c4d21,2026-08-05 09:47:14.002978+00,We already built ModelsLab's ToolIndex page,noreply@strategicflow.tech,support@modelslab.com,,,strategicflow@proton.me,delivered,2026-08-05 09:47:14.293+00,,24236843-a459-40f7-87b4-5e3de9e4497a,
c71343cf-5ad3-4642-9ac6-00ca4f747117,2026-08-05 09:47:14.919322+00,We already built Proxied - 5g Proxies's ToolIndex page,noreply@strategicflow.tech,support@proxied.com,,,strategicflow@proton.me,delivered,2026-08-05 09:47:15.903+00,,24236843-a459-40f7-87b4-5e3de9e4497a,
07e9fa86-22b0-4ec6-8a0e-40c1afeaa57e,2026-08-05 09:47:15.82699+00,We already built Shipixen's ToolIndex page,noreply@strategicflow.tech,support@shipixen.com,,,strategicflow@proton.me,delivered,2026-08-05 09:47:16.111+00,,24236843-a459-40f7-87b4-5e3de9e4497a,
068b5deb-9234-4194-82c3-f0c62825f10d,2026-08-05 09:47:16.754282+00,We already built Hoverify's ToolIndex page,noreply@strategicflow.tech,hello@tryhoverify.com,,,strategicflow@proton.me,delivered,2026-08-05 09:47:17.049+00,,24236843-a459-40f7-87b4-5e3de9e4497a,
ba2b5abe-9034-4bd0-98d2-27b7b405002f,2026-08-05 09:47:17.715552+00,We already built feedback.tools's ToolIndex page,noreply@strategicflow.tech,support@feedback.tools,,,strategicflow@proton.me,delivered,2026-08-05 09:47:18.041+00,,24236843-a459-40f7-87b4-5e3de9e4497a,
9af2b424-206b-4d11-8ee8-5303f88e082f,2026-08-05 09:47:18.589684+00,We already built FeaturePulse's ToolIndex page,noreply@strategicflow.tech,alexnsbmr@gmail.com,,,strategicflow@proton.me,delivered,2026-08-05 09:47:18.962+00,,24236843-a459-40f7-87b4-5e3de9e4497a,
b7732f13-43af-4865-8d44-45c304854b6b,2026-08-05 09:47:19.472939+00,We already built ArrayCat's ToolIndex page,noreply@strategicflow.tech,jouni@arraycat.com,,,strategicflow@proton.me,delivered,2026-08-05 09:47:19.795+00,,24236843-a459-40f7-87b4-5e3de9e4497a,
16122031-04ab-420f-b2bd-e9ed490cd212,2026-08-05 09:47:20.325941+00,We already built Webleadr's ToolIndex page,noreply@strategicflow.tech,amin@webleadr.com,,,strategicflow@proton.me,delivered,2026-08-05 09:47:20.649+00,,24236843-a459-40f7-87b4-5e3de9e4497a,
57e136b2-aa2a-4ee8-9015-c7753537c91a,2026-08-05 09:47:21.239082+00,We already built Krea 2 Image's ToolIndex page,noreply@strategicflow.tech,support@krea2.co,,,strategicflow@proton.me,delivered,2026-08-05 09:47:21.571+00,,24236843-a459-40f7-87b4-5e3de9e4497a,
2fdfd0ea-4cea-4241-8fb6-5b8a1f838886,2026-08-05 09:47:22.18374+00,We already built Tweetboost Gif Download's ToolIndex page,noreply@strategicflow.tech,peter@tweetboost.ai,,,strategicflow@proton.me,delivered,2026-08-05 09:47:22.497+00,,24236843-a459-40f7-87b4-5e3de9e4497a,
933d7327-0e6b-4e88-a39f-e6cd747d4bb2,2026-08-05 09:47:23.080068+00,We already built Image Prompts's ToolIndex page,noreply@strategicflow.tech,hello@imageprompts.co,,,strategicflow@proton.me,delivered,2026-08-05 09:47:23.39+00,,24236843-a459-40f7-87b4-5e3de9e4497a,
1a9dc782-2593-4f59-a59f-0ded3aa166f3,2026-08-05 09:47:24.004058+00,We already built HiFun AI's ToolIndex page,noreply@strategicflow.tech,support@hifun.ai,,,strategicflow@proton.me,delivered,2026-08-05 09:47:24.302+00,,24236843-a459-40f7-87b4-5e3de9e4497a,
4ccbcd65-376d-4077-a24c-43bff1771546,2026-08-05 09:47:24.817646+00,We already built MyOG's ToolIndex page,noreply@strategicflow.tech,hboon@myog.social,,,strategicflow@proton.me,delivered,2026-08-05 09:47:25.128+00,,24236843-a459-40f7-87b4-5e3de9e4497a,
976154ab-29f8-4907-8a03-9121fe8b7edd,2026-08-05 10:08:41.584068+00,We already built AIThumbnail.so's ToolIndex page,noreply@strategicflow.tech,sacha@aithumbnail.so,,,strategicflow@proton.me,delivered,2026-08-05 10:08:41.906+00,,24236843-a459-40f7-87b4-5e3de9e4497a,
0c76c8a6-9fe0-40f1-8fa8-2d8e9426aeee,2026-08-05 10:08:42.464872+00,We already built Seedream 5.0's ToolIndex page,noreply@strategicflow.tech,support@seedream5-ai.org,,,strategicflow@proton.me,delivered,2026-08-05 10:08:42.768+00,,24236843-a459-40f7-87b4-5e3de9e4497a,
deb14107-3852-490f-9cde-5f93c1c67ca8,2026-08-05 10:08:43.280962+00,We already built Seline Analytics's ToolIndex page,noreply@strategicflow.tech,kostya@seline.com,,,strategicflow@proton.me,delivered,2026-08-05 10:08:43.639+00,,24236843-a459-40f7-87b4-5e3de9e4497a,
4eccd496-51fe-48c9-af14-75895a75226c,2026-08-05 10:08:47.479494+00,We already built ClickTerm's ToolIndex page,noreply@strategicflow.tech,sales@clickterm.com,,,strategicflow@proton.me,delivered,2026-08-05 10:08:47.797+00,,24236843-a459-40f7-87b4-5e3de9e4497a,
3d2de9ef-7a88-40a3-a98a-85a13a2e7abc,2026-08-05 10:08:48.477576+00,We already built Fokal's ToolIndex page,noreply@strategicflow.tech,hello@fokal.com,,,strategicflow@proton.me,delivered,2026-08-05 10:08:48.79+00,,24236843-a459-40f7-87b4-5e3de9e4497a,
b3a3d812-ed5d-4a16-b6e6-710263c401d7,2026-08-05 10:08:49.441438+00,We already built YacDaddy's ToolIndex page,noreply@strategicflow.tech,james@yacdaddy.com,,,strategicflow@proton.me,delivered,2026-08-05 10:08:49.754+00,,24236843-a459-40f7-87b4-5e3de9e4497a,
5edd5141-db8a-49d5-84af-27f11893c752,2026-08-05 10:08:51.266863+00,We already built SEO Mode's ToolIndex page,noreply@strategicflow.tech,mehrab@seomode.co,,,strategicflow@proton.me,delivered,2026-08-05 10:08:51.592+00,,24236843-a459-40f7-87b4-5e3de9e4497a,
67451ff6-1c3f-4d5a-87c9-7e62ba113981,2026-08-05 10:08:52.252619+00,We already built Sora2 AI's ToolIndex page,noreply@strategicflow.tech,support@sora-2.run,,,strategicflow@proton.me,delivered,2026-08-05 10:08:52.631+00,,24236843-a459-40f7-87b4-5e3de9e4497a,
494a28b6-59b1-4f67-9e7b-fea36f107ffc,2026-08-05 10:08:53.23632+00,We already built ToolZack's ToolIndex page,noreply@strategicflow.tech,support@toolzack.net,,,strategicflow@proton.me,bounced,2026-08-05 10:08:53.623+00,,24236843-a459-40f7-87b4-5e3de9e4497a,
dd2a92c4-9453-4146-8549-6bc45dfc7aab,2026-08-05 10:08:54.187792+00,We already built SongLyricsLab's ToolIndex page,noreply@strategicflow.tech,support@songlyricslab.com,,,strategicflow@proton.me,delivered,2026-08-05 10:08:55.04+00,,24236843-a459-40f7-87b4-5e3de9e4497a,
6347f7ac-cf04-4e56-a8f6-c2651e3354a9,2026-08-05 10:08:55.096207+00,We already built Synplex's ToolIndex page,noreply@strategicflow.tech,info@synplex.dev,,,strategicflow@proton.me,delivered,2026-08-05 10:08:55.406+00,,24236843-a459-40f7-87b4-5e3de9e4497a,
a6a6d2ee-3e0b-41f9-b9be-1c78166536e6,2026-08-05 10:08:56.123589+00,We already built PDFuck's ToolIndex page,noreply@strategicflow.tech,support@mksaas.com,,,strategicflow@proton.me,delivered,2026-08-05 10:08:56.422+00,,24236843-a459-40f7-87b4-5e3de9e4497a,
f027ab4e-1381-4813-83fc-b89dbb3095c7,2026-08-05 10:08:57.06196+00,We already built Action Figure AI Generator's ToolIndex page,noreply@strategicflow.tech,support@actionfiguregenerator.org,,,strategicflow@proton.me,delivered,2026-08-05 10:08:57.389+00,,24236843-a459-40f7-87b4-5e3de9e4497a,
8fd79ce2-cc82-4984-aa16-280b10e855c3,2026-08-05 10:08:57.973222+00,We already built Z-Image's ToolIndex page,noreply@strategicflow.tech,support@z-image.net,,,strategicflow@proton.me,delivered,2026-08-05 10:08:58.274+00,,24236843-a459-40f7-87b4-5e3de9e4497a,
69238ba5-d57d-4c5b-9331-34696cabfd87,2026-08-05 10:08:58.884245+00,We already built bZm Graphics's ToolIndex page,noreply@strategicflow.tech,hello@bzmgraphics.com,,,strategicflow@proton.me,delivered,2026-08-05 10:08:59.21+00,,24236843-a459-40f7-87b4-5e3de9e4497a,
a8a66950-72f9-43bc-8916-6bb304d62497,2026-08-05 10:08:59.812466+00,We already built Pikimov's ToolIndex page,noreply@strategicflow.tech,clement@pikimov.com,,,strategicflow@proton.me,delivered,2026-08-05 10:09:00.119+00,,24236843-a459-40f7-87b4-5e3de9e4497a,
c847af77-de79-4f3b-a61f-3ad77389a6ac,2026-08-05 10:09:00.780031+00,We already built ul0's ToolIndex page,noreply@strategicflow.tech,stablersleet@duck.com,,,strategicflow@proton.me,delivered,2026-08-05 10:09:01.075+00,,24236843-a459-40f7-87b4-5e3de9e4497a,
e1fa403b-2194-400f-9a5d-6f56fc95f02b,2026-08-05 10:09:01.7024+00,We already built GPT Image 2's ToolIndex page,noreply@strategicflow.tech,support@gptimage-2.me,,,strategicflow@proton.me,delivered,2026-08-05 10:09:02.545+00,,24236843-a459-40f7-87b4-5e3de9e4497a,
d51d362e-cd85-442a-ac9e-c16c87ec412e,2026-08-05 10:09:02.557832+00,We already built GPT Image 2's ToolIndex page,noreply@strategicflow.tech,support@image2maker.com,,,strategicflow@proton.me,delivered,2026-08-05 10:09:02.861+00,,24236843-a459-40f7-87b4-5e3de9e4497a,
7d93e233-01e3-4652-b120-b40cf89e9cbf,2026-08-05 10:09:03.698991+00,We already built TalkToSoul's ToolIndex page,noreply@strategicflow.tech,support@talktosoul.com,,,strategicflow@proton.me,delivered,2026-08-05 10:09:04.027+00,,24236843-a459-40f7-87b4-5e3de9e4497a,
0c88dcaa-97e3-46ab-8487-7458f1eec78d,2026-08-05 10:09:04.631085+00,We already built Nano Banana 2 pro's ToolIndex page,noreply@strategicflow.tech,hello@nano2.net,,,strategicflow@proton.me,delivered,2026-08-05 10:09:04.944+00,,24236843-a459-40f7-87b4-5e3de9e4497a,
9966fc9e-9a76-4229-a619-6b219112cebb,2026-08-05 10:09:05.545165+00,We already built NooneWeb3Wallet's ToolIndex page,noreply@strategicflow.tech,support@noone.io,,,strategicflow@proton.me,delivered,2026-08-05 10:09:05.848+00,,24236843-a459-40f7-87b4-5e3de9e4497a,
7b58c641-d4e7-4eae-8a0a-b9c32fa4af5a,2026-08-05 10:09:06.57478+00,We already built Nano Banana Video's ToolIndex page,noreply@strategicflow.tech,support@nanabanana.video,,,strategicflow@proton.me,delivered,2026-08-05 10:09:06.873+00,,24236843-a459-40f7-87b4-5e3de9e4497a,
a74a346e-5262-4bfb-9780-025c45153823,2026-08-05 10:09:07.40124+00,We already built CustomSong's ToolIndex page,noreply@strategicflow.tech,support@customsong.app,,,strategicflow@proton.me,delivered,2026-08-05 10:09:07.723+00,,24236843-a459-40f7-87b4-5e3de9e4497a,
1099e12a-8257-462b-9112-bd5a274ae4f0,2026-08-05 10:09:08.322811+00,We already built Picoo's ToolIndex page,noreply@strategicflow.tech,support@picooai.com,,,strategicflow@proton.me,delivered,2026-08-05 10:09:08.639+00,,24236843-a459-40f7-87b4-5e3de9e4497a,
e5dbfd38-67c1-49a9-b8bb-998472b8240c,2026-08-05 10:50:35.730342+00,We already built AI Remove Text's ToolIndex page,noreply@strategicflow.tech,support@remove-text.com,,,strategicflow@proton.me,delivered,2026-08-05 10:50:36.066+00,,24236843-a459-40f7-87b4-5e3de9e4497a,
11cf5e93-808b-4cea-81f5-c2746056c441,2026-08-05 10:50:36.688094+00,We already built Quick Note Tab's ToolIndex page,noreply@strategicflow.tech,manajerry@yahht.com,,,strategicflow@proton.me,delivered,2026-08-05 10:50:37.027+00,,24236843-a459-40f7-87b4-5e3de9e4497a,
d6e487dd-b3dc-445e-833f-265d87a1385e,2026-08-05 10:50:37.562361+00,We already built FastMCP's ToolIndex page,noreply@strategicflow.tech,you@email.com,,,strategicflow@proton.me,suppressed,2026-08-05 10:50:37.883+00,,24236843-a459-40f7-87b4-5e3de9e4497a,
67f4e458-ebdb-4d5f-996f-7471a488b78c,2026-08-05 10:50:38.505799+00,We already built Postman's ToolIndex page,noreply@strategicflow.tech,info@postman.com,,,strategicflow@proton.me,delivered,2026-08-05 10:50:38.833+00,,24236843-a459-40f7-87b4-5e3de9e4497a,
22db2bc8-9e2c-4c9a-9ad0-26e097cec86f,2026-08-05 10:50:39.424078+00,We already built Hugging Face's ToolIndex page,noreply@strategicflow.tech,press@huggingface.co,,,strategicflow@proton.me,delivered,2026-08-05 10:50:39.749+00,,24236843-a459-40f7-87b4-5e3de9e4497a,
71586cec-2a46-4f63-8f9d-b92c7e5fc478,2026-08-05 10:50:40.326792+00,We already built Superhuman's ToolIndex page,noreply@strategicflow.tech,press@superhuman.com,,,strategicflow@proton.me,delivered,2026-08-05 10:50:40.613+00,,24236843-a459-40f7-87b4-5e3de9e4497a,
f744b433-03d3-4671-8884-d2c93f08341c,2026-08-05 10:50:41.241437+00,We already built Granola's ToolIndex page,noreply@strategicflow.tech,hey@granola.so,,,strategicflow@proton.me,delivered,2026-08-05 10:50:41.535+00,,24236843-a459-40f7-87b4-5e3de9e4497a,
256c2541-5b76-4f3c-83fe-dae0b7d4cd6a,2026-08-05 10:50:42.073742+00,We already built Highlight's ToolIndex page,noreply@strategicflow.tech,sales@highlight.io,,,strategicflow@proton.me,delivered,2026-08-05 10:50:42.389+00,,24236843-a459-40f7-87b4-5e3de9e4497a,
bfd31952-4571-4361-856f-5583523972a8,2026-08-05 10:50:43.002461+00,We already built Polar's ToolIndex page,noreply@strategicflow.tech,support@polar.sh,,,strategicflow@proton.me,delivered,2026-08-05 10:50:43.321+00,,24236843-a459-40f7-87b4-5e3de9e4497a,
b5b6e576-7497-4e7d-9798-88dd7d700d20,2026-08-05 10:50:43.847851+00,We already built Plausible's ToolIndex page,noreply@strategicflow.tech,hello@plausible.io,,,strategicflow@proton.me,delivered,2026-08-05 10:50:44.183+00,,24236843-a459-40f7-87b4-5e3de9e4497a,
25fc8f38-1a50-4fcd-a5cb-37bcde49f1f0,2026-08-05 10:50:44.734966+00,We already built Cal.com's ToolIndex page,noreply@strategicflow.tech,support@cal.com,,,strategicflow@proton.me,delivered,2026-08-05 10:50:45.392+00,,24236843-a459-40f7-87b4-5e3de9e4497a,
64f3d901-8331-4ef9-8ed1-72e9da39f546,2026-08-05 10:50:45.727128+00,We already built Turso's ToolIndex page,noreply@strategicflow.tech,info@turso.tech,,,strategicflow@proton.me,delivered,2026-08-05 10:50:46.524+00,,24236843-a459-40f7-87b4-5e3de9e4497a,
51ab575e-afcb-4436-96b9-1d14b1df62b8,2026-08-05 10:50:46.535004+00,We already built Clerk's ToolIndex page,noreply@strategicflow.tech,privacy@clerk.com,,,strategicflow@proton.me,delivered,2026-08-05 10:50:46.844+00,,24236843-a459-40f7-87b4-5e3de9e4497a,
cd9128fe-d19c-46cc-b70d-b319b76fa23d,2026-08-05 10:50:47.429241+00,We already built Upstash's ToolIndex page,noreply@strategicflow.tech,support@upstash.com,,,strategicflow@proton.me,delivered,2026-08-05 10:50:47.708+00,,24236843-a459-40f7-87b4-5e3de9e4497a,
243c0365-cfe0-4f8e-a9b9-54f2c6bb8457,2026-08-05 10:50:48.452238+00,We already built Railway's ToolIndex page,noreply@strategicflow.tech,team@railway.com,,,strategicflow@proton.me,delivered,2026-08-05 10:50:48.766+00,,24236843-a459-40f7-87b4-5e3de9e4497a,
a069c0ea-ae54-468f-b7ff-4d859f186e43,2026-08-05 10:50:49.379685+00,We already built Resend's ToolIndex page,noreply@strategicflow.tech,delivered@resend.dev,,,strategicflow@proton.me,delivered,2026-08-05 10:50:50.208+00,,24236843-a459-40f7-87b4-5e3de9e4497a,
02bed198-ae69-496f-9e3c-56246d0f2d0a,2026-08-05 10:50:50.214213+00,We already built Screen Studio's ToolIndex page,noreply@strategicflow.tech,team@screen.studio,,,strategicflow@proton.me,delivered,2026-08-05 10:50:50.497+00,,24236843-a459-40f7-87b4-5e3de9e4497a,
c37cca3e-f2ad-499d-a13a-03acb4541ebe,2026-08-05 10:50:51.013938+00,We already built Whimsical's ToolIndex page,noreply@strategicflow.tech,logo@110x20.nz0q0ogo.svg,,,strategicflow@proton.me,bounced,2026-08-05 10:50:51.317+00,,24236843-a459-40f7-87b4-5e3de9e4497a,
bd1b98b9-1b88-4947-869e-590204f0b292,2026-08-05 10:50:52.933251+00,We already built Mobbin's ToolIndex page,noreply@strategicflow.tech,support@mobbin.com,,,strategicflow@proton.me,delivered,2026-08-05 10:50:53.239+00,,24236843-a459-40f7-87b4-5e3de9e4497a,
51c97e44-4f9b-4ba0-83cb-73777cf0748e,2026-08-05 10:50:53.843896+00,We already built Framer's ToolIndex page,noreply@strategicflow.tech,abuse@framer.com,,,strategicflow@proton.me,delivered,2026-08-05 10:50:54.136+00,,24236843-a459-40f7-87b4-5e3de9e4497a,
81351058-4113-4015-a9a8-c817d2bd2ca0,2026-08-05 10:50:54.773499+00,We already built Runway's ToolIndex page,noreply@strategicflow.tech,press@runwayml.com,,,strategicflow@proton.me,delivered,2026-08-05 10:50:55.075+00,,24236843-a459-40f7-87b4-5e3de9e4497a,
a13b4374-54e2-4b89-a5f6-c8645d900468,2026-08-05 10:50:55.587704+00,We already built FleetStart Radar's ToolIndex page,noreply@strategicflow.tech,digidentai@proton.me,,,strategicflow@proton.me,delivered,2026-08-05 10:50:55.9+00,,24236843-a459-40f7-87b4-5e3de9e4497a,
57c895c2-e94c-4143-bf9e-8f413ff09f3c,2026-08-05 10:50:56.516855+00,We already built Rollout's ToolIndex page,noreply@strategicflow.tech,support@getrollout.app,,,strategicflow@proton.me,delivered,2026-08-05 10:50:56.807+00,,24236843-a459-40f7-87b4-5e3de9e4497a,
3e68f081-c1b3-43e1-8c13-19694ad1c40e,2026-08-05 10:50:57.403331+00,We already built LiveLingo's ToolIndex page,noreply@strategicflow.tech,hello@livelingo.io,,,strategicflow@proton.me,delivered,2026-08-05 10:50:57.698+00,,24236843-a459-40f7-87b4-5e3de9e4497a,
2572e0f5-c708-4230-af0e-582694dbd8e8,2026-08-05 10:50:58.177126+00,We already built BrowsePad's ToolIndex page,noreply@strategicflow.tech,deepakpk009@yahoo.in,,,strategicflow@proton.me,delivered,2026-08-05 10:50:58.476+00,,24236843-a459-40f7-87b4-5e3de9e4497a,
2e13adfb-7266-44f7-8c26-50ee7fe36efe,2026-08-05 10:56:36.635586+00,"Verify you own ""FleetStart Radar"" on Strategic Flow Directory",noreply@strategicflow.tech,digidentAI@proton.me,,,,delivered,2026-08-05 10:56:36.933+00,,24236843-a459-40f7-87b4-5e3de9e4497a,
bdb7e148-fade-4abe-b944-186c62a7920f,2026-08-05 10:56:55.707564+00,"You've claimed ""FleetStart Radar"" on Strategic Flow Directory ✓",noreply@strategicflow.tech,digidentAI@proton.me,,,,delivered,2026-08-05 10:56:56.025+00,,24236843-a459-40f7-87b4-5e3de9e4497a,
124a7455-a46b-4659-9079-43da551f6e29,2026-08-05 13:05:01.532007+00,We already built RayTally's ToolIndex page,noreply@strategicflow.tech,hi@raytally.com,,,strategicflow@proton.me,delivered,2026-08-05 13:05:02.31+00,,24236843-a459-40f7-87b4-5e3de9e4497a,
211a4393-03dc-4d20-85a1-6a40479335c3,2026-08-05 13:05:02.485961+00,We already built JobLog's ToolIndex page,noreply@strategicflow.tech,support@myjoblog.app,,,strategicflow@proton.me,delivered,2026-08-05 13:05:02.815+00,,24236843-a459-40f7-87b4-5e3de9e4497a,
f38f1340-a216-4501-82bc-16e3c565e759,2026-08-05 13:05:03.638791+00,We already built WordSec's ToolIndex page,noreply@strategicflow.tech,info@wordsec.net,,,strategicflow@proton.me,delivered,2026-08-05 13:05:04.377+00,,24236843-a459-40f7-87b4-5e3de9e4497a,
056a71b5-48af-47e6-a473-c9529835b580,2026-08-05 13:05:04.708406+00,We already built CaseFunders's ToolIndex page,noreply@strategicflow.tech,you@lawfirm.com,,,strategicflow@proton.me,bounced,2026-08-05 13:05:05.143+00,,24236843-a459-40f7-87b4-5e3de9e4497a,
2957d23e-f391-4a89-8821-c4e643e2b071,2026-08-05 13:05:05.371612+00,We already built ForthWrite's ToolIndex page,noreply@strategicflow.tech,curtis@forthwrite.ai,,,strategicflow@proton.me,delivered,2026-08-05 13:05:05.675+00,,24236843-a459-40f7-87b4-5e3de9e4497a,
c457e64a-9adb-4742-aaa0-af6bbd2655ba,2026-08-05 13:05:06.350043+00,We already built Briefix's ToolIndex page,noreply@strategicflow.tech,muneebmuhammad444@gmail.com,,,strategicflow@proton.me,delivered,2026-08-05 13:05:06.653+00,,24236843-a459-40f7-87b4-5e3de9e4497a,
51d86d8d-9975-4b76-b156-43c903f98f90,2026-08-05 13:05:07.216055+00,We already built Strategic Flow Audit's ToolIndex page,noreply@strategicflow.tech,strategicflow@proton.me,,,strategicflow@proton.me,delivered,2026-08-05 13:05:07.535+00,,24236843-a459-40f7-87b4-5e3de9e4497a,
ffb8e977-1dd0-4bc7-bd26-354af00015a1,2026-08-05 13:05:08.135048+00,We already built SublimeKeys's ToolIndex page,noreply@strategicflow.tech,hello@sublimearts.io,,,strategicflow@proton.me,delivered,2026-08-05 13:05:08.435+00,,24236843-a459-40f7-87b4-5e3de9e4497a,
c9b45b63-c704-47ce-8d04-ec2d68fd6130,2026-08-05 13:05:09.052209+00,We already built TPG's ToolIndex page,noreply@strategicflow.tech,hola@jorgearrojo.dev,,,strategicflow@proton.me,delivered,2026-08-05 13:05:09.35+00,,24236843-a459-40f7-87b4-5e3de9e4497a,
b695745f-9c14-445b-84f6-846852998b9f,2026-08-05 13:05:10.030646+00,We already built WHY Audit™'s ToolIndex page,noreply@strategicflow.tech,alex@strategicflow.tech,,,strategicflow@proton.me,delivered,2026-08-05 13:05:10.353+00,,24236843-a459-40f7-87b4-5e3de9e4497a,
420d1c1c-5434-4cf3-8207-0db6a2b3bb0c,2026-08-05 13:05:15.253961+00,We already built InMinutes's ToolIndex page,noreply@strategicflow.tech,hello@inminutes.app,,,strategicflow@proton.me,delivered,2026-08-05 13:05:15.594+00,,24236843-a459-40f7-87b4-5e3de9e4497a,
d788fdc7-d673-40a7-ac99-b4412af099af,2026-08-05 13:05:16.244191+00,We already built ClashPop's ToolIndex page,noreply@strategicflow.tech,info@clashpop.app,,,strategicflow@proton.me,delivered,2026-08-05 13:05:16.561+00,,24236843-a459-40f7-87b4-5e3de9e4497a,
7906f960-a2ba-4c2f-bbe9-81d8b93ad460,2026-08-05 13:05:17.1054+00,We already built ColdCraft's ToolIndex page,noreply@strategicflow.tech,strategic@hgsstrategic.com,,,strategicflow@proton.me,delivered,2026-08-05 13:05:17.457+00,,24236843-a459-40f7-87b4-5e3de9e4497a,
8f7840fa-3b53-43a9-8927-5f3335429485,2026-08-05 13:05:18.045273+00,We already built PetMemo's ToolIndex page,noreply@strategicflow.tech,hello@petmemo.app,,,strategicflow@proton.me,delivered,2026-08-05 13:05:18.352+00,,24236843-a459-40f7-87b4-5e3de9e4497a,
6c1158c1-124a-46c9-80ed-35c5e71ef66f,2026-08-05 13:05:18.953357+00,We already built Camprtron's ToolIndex page,noreply@strategicflow.tech,social@camprtron.com,,,strategicflow@proton.me,delivered,2026-08-05 13:05:19.267+00,,24236843-a459-40f7-87b4-5e3de9e4497a,
507ffc95-c474-4f23-af82-50ee419e3fe6,2026-08-05 13:05:19.779651+00,We already built AVE's ToolIndex page,noreply@strategicflow.tech,support@tinythings.app,,,strategicflow@proton.me,delivered,2026-08-05 13:05:20.551+00,,24236843-a459-40f7-87b4-5e3de9e4497a,
6cd8ec82-fb8e-4247-a962-88cc8897fc04,2026-08-05 13:05:20.679875+00,We already built psynex's ToolIndex page,noreply@strategicflow.tech,info@psynex.de,,,strategicflow@proton.me,delivered,2026-08-05 13:05:20.967+00,,24236843-a459-40f7-87b4-5e3de9e4497a,
f6f64320-5432-4f99-9abf-6d3860214c18,2026-08-05 13:05:21.580146+00,We already built MySudokuWorld's ToolIndex page,noreply@strategicflow.tech,mysudokuworld@gmail.com,,,strategicflow@proton.me,delivered,2026-08-05 13:05:21.898+00,,24236843-a459-40f7-87b4-5e3de9e4497a,
e0350ac9-e797-4894-ac10-a6523aa9b003,2026-08-05 13:05:22.548821+00,We already built Hayati AI Nexus's ToolIndex page,noreply@strategicflow.tech,contact@hayatiainexus.com,,,strategicflow@proton.me,delivered,2026-08-05 13:05:22.857+00,,24236843-a459-40f7-87b4-5e3de9e4497a,
f79b2848-badc-450a-9d81-83dbc9952053,2026-08-05 13:05:23.353646+00,We already built Unvibe's ToolIndex page,noreply@strategicflow.tech,support@unvibe.site,,,strategicflow@proton.me,delivered,2026-08-05 13:05:23.657+00,,24236843-a459-40f7-87b4-5e3de9e4497a,
ba39db31-f25b-40c0-8e63-f7cdd3461255,2026-08-05 13:05:25.479529+00,We already built AI Photo Editor's ToolIndex page,noreply@strategicflow.tech,support@aiphotoeditor.store,,,strategicflow@proton.me,delivered,2026-08-05 13:05:25.787+00,,24236843-a459-40f7-87b4-5e3de9e4497a,
bbf71180-257a-47cc-87f7-a26438ba46c0,2026-08-05 13:05:26.42842+00,We already built Finzen's ToolIndex page,noreply@strategicflow.tech,hi@finzen.org,,,strategicflow@proton.me,delivered,2026-08-05 13:05:26.761+00,,24236843-a459-40f7-87b4-5e3de9e4497a,
3369a0cc-8143-4d06-b932-baac5c048bf0,2026-08-05 13:05:27.51423+00,We already built Pitchlo's ToolIndex page,noreply@strategicflow.tech,hello@pitchlo.com,,,strategicflow@proton.me,delivered,2026-08-05 13:05:27.812+00,,24236843-a459-40f7-87b4-5e3de9e4497a,
561689f3-ac22-41c0-a60e-00711f48375f,2026-08-05 13:05:28.340072+00,We already built AppLaunchFlow's ToolIndex page,noreply@strategicflow.tech,yannick@applaunchflow.com,,,strategicflow@proton.me,delivered,2026-08-05 13:05:29.056+00,,24236843-a459-40f7-87b4-5e3de9e4497a,
7d946b8f-b585-41a5-9382-5f88b86d0b28,2026-08-05 13:05:29.338842+00,We already built Laike AI's ToolIndex page,noreply@strategicflow.tech,footer_social_contact@laike.ai,,,strategicflow@proton.me,bounced,2026-08-05 13:05:30.085+00,,24236843-a459-40f7-87b4-5e3de9e4497a,
cd716dba-b063-4b15-97e3-6491735856b6,2026-08-05 13:08:30.19549+00,"Verify you own ""psynex"" on Strategic Flow Directory",noreply@strategicflow.tech,info@psynex.io,,,,delivered,2026-08-05 13:08:30.523+00,,24236843-a459-40f7-87b4-5e3de9e4497a,
43c293bb-3f07-4464-8ba2-2668bec78bcc,2026-08-05 13:08:45.52595+00,"You've claimed ""psynex"" on Strategic Flow Directory ✓",noreply@strategicflow.tech,info@psynex.io,,,,delivered,2026-08-05 13:08:45.847+00,,24236843-a459-40f7-87b4-5e3de9e4497a,
81016fc3-74b2-4523-9786-6dce2fb46356,2026-08-05 13:10:35.734471+00,"Verify you own ""Rollout"" on Strategic Flow Directory",noreply@strategicflow.tech,andreidrexbusiness@gmail.com,,,,delivered,2026-08-05 13:10:36.054+00,,24236843-a459-40f7-87b4-5e3de9e4497a,
4892a83d-74cd-499a-99ad-f7146139f757,2026-08-05 13:10:59.9823+00,"You've claimed ""Rollout"" on Strategic Flow Directory ✓",noreply@strategicflow.tech,andreidrexbusiness@gmail.com,,,,delivered,2026-08-05 13:11:00.338+00,,24236843-a459-40f7-87b4-5e3de9e4497a,
f9e5f976-1a6f-450f-aa8d-951bc39bba24,2026-08-05 15:45:57.470601+00,"Verify you own ""ColdCraft"" on Strategic Flow Directory",noreply@strategicflow.tech,strategic@hgsstrategic.com,,,,delivered,2026-08-05 15:45:57.841+00,,24236843-a459-40f7-87b4-5e3de9e4497a,
e59263a7-5b6c-4a21-98ca-88ecb187e8cc,2026-08-05 15:46:24.075554+00,"You've claimed ""ColdCraft"" on Strategic Flow Directory ✓",noreply@strategicflow.tech,strategic@hgsstrategic.com,,,,delivered,2026-08-05 15:46:24.4+00,,24236843-a459-40f7-87b4-5e3de9e4497a,
6aadced4-697a-4998-b77a-29c8da8be413,2026-08-05 17:05:47.227613+00,"Verify you own ""ForthWrite"" on Strategic Flow Directory",noreply@strategicflow.tech,curtis@forthwrite.ai,,,,delivered,2026-08-05 17:05:47.548+00,,24236843-a459-40f7-87b4-5e3de9e4497a,
be5d2c41-3272-4f70-8005-ae005e975877,2026-08-05 17:06:02.140702+00,"You've claimed ""ForthWrite"" on Strategic Flow Directory ✓",noreply@strategicflow.tech,curtis@forthwrite.ai,,,,delivered,2026-08-05 17:06:02.584+00,,24236843-a459-40f7-87b4-5e3de9e4497a,
03b4324e-4fcf-4c07-a427-8c0ed90a8d88,2026-08-05 23:03:52.058787+00,We already built GPTIMG2 AI's ToolIndex page,noreply@strategicflow.tech,support@gptimg2.ai,,,strategicflow@proton.me,delivered,2026-08-05 23:03:52.367+00,,24236843-a459-40f7-87b4-5e3de9e4497a,
4487b9ce-2bd0-4476-81cc-37413bad1c96,2026-08-05 23:03:53.00127+00,We already built Maton's ToolIndex page,noreply@strategicflow.tech,support@maton.ai,,,strategicflow@proton.me,delivered,2026-08-05 23:03:53.324+00,,24236843-a459-40f7-87b4-5e3de9e4497a,
a0196cc6-16e4-4a56-936d-b2a4f21e342a,2026-08-05 23:03:53.906058+00,We already built AvenChat Gemma 4's ToolIndex page,noreply@strategicflow.tech,hi@avenchat.com,,,strategicflow@proton.me,delivered,2026-08-05 23:03:54.221+00,,24236843-a459-40f7-87b4-5e3de9e4497a,
a32b8567-584b-4b6f-bb75-fd4e3b1aa2e1,2026-08-05 23:03:54.805967+00,We already built Instagram Comments Scraper's ToolIndex page,noreply@strategicflow.tech,hello@gmail.com,,,strategicflow@proton.me,suppressed,2026-08-05 23:03:55.123+00,,24236843-a459-40f7-87b4-5e3de9e4497a,
f5f425e1-727a-488a-b762-f40b4e9e4b68,2026-08-05 23:03:55.764937+00,We already built Our Token's ToolIndex page,noreply@strategicflow.tech,hello@ourtoken.ai,,,strategicflow@proton.me,delivered,2026-08-05 23:03:56.082+00,,24236843-a459-40f7-87b4-5e3de9e4497a,
071781f7-0f86-4006-bf36-55c351e7d353,2026-08-05 23:03:56.71664+00,We already built Welkome's ToolIndex page,noreply@strategicflow.tech,hello@welkome.app,,,strategicflow@proton.me,bounced,2026-08-05 23:03:57.049+00,,24236843-a459-40f7-87b4-5e3de9e4497a,
dd3d9a4b-68ea-4227-bd45-c8b7f7e6a4d3,2026-08-05 23:03:57.589509+00,We already built Davinci Resolve's ToolIndex page,noreply@strategicflow.tech,gf-icn-facebook@2x.png,,,strategicflow@proton.me,bounced,2026-08-05 23:03:57.9+00,,24236843-a459-40f7-87b4-5e3de9e4497a,
97e78d88-dfd0-41da-91f7-4d3431b2ea90,2026-08-05 23:03:58.491282+00,We already built Remove Watermark Sora 2's ToolIndex page,noreply@strategicflow.tech,support@nanophoto.ai,,,strategicflow@proton.me,delivered,2026-08-05 23:03:58.839+00,,24236843-a459-40f7-87b4-5e3de9e4497a,
12b2a48a-a272-47ea-bc8d-af76e793f171,2026-08-05 23:03:59.417832+00,We already built MCP Playground Online's ToolIndex page,noreply@strategicflow.tech,hello@mcpplaygroundonline.com,,,strategicflow@proton.me,delivered,2026-08-05 23:03:59.723+00,,24236843-a459-40f7-87b4-5e3de9e4497a,
80214c1c-56a5-4c0b-86b2-fc6996686de9,2026-08-05 23:04:00.403354+00,We already built ATS Checker's ToolIndex page,noreply@strategicflow.tech,support@atschecker.app,,,strategicflow@proton.me,delivered,2026-08-05 23:04:00.729+00,,24236843-a459-40f7-87b4-5e3de9e4497a,
e2b7b075-a8e1-43c8-b819-40d6e8b55540,2026-08-05 23:04:01.355644+00,We already built Sweep Weasel's ToolIndex page,noreply@strategicflow.tech,slimeandspin@gmail.com,,,strategicflow@proton.me,delivered,2026-08-05 23:04:01.681+00,,24236843-a459-40f7-87b4-5e3de9e4497a,
d249bb0b-aba9-4d32-aa38-6c498f77793f,2026-08-05 23:04:02.277697+00,We already built Needle's ToolIndex page,noreply@strategicflow.tech,julian@needle.so,,,strategicflow@proton.me,delivered,2026-08-05 23:04:02.592+00,,24236843-a459-40f7-87b4-5e3de9e4497a,
58196f55-ea2e-447e-a2e5-eedd9170c6c4,2026-08-06 08:16:21.901146+00,"Verify you own ""MySudokuWorld"" on Strategic Flow Directory",noreply@strategicflow.tech,mysudokuworld@gmail.com,,,,delivered,2026-08-06 08:16:22.235+00,,24236843-a459-40f7-87b4-5e3de9e4497a,
0266f9e7-533f-4bf2-a329-9ba72929b810,2026-08-06 08:16:47.461265+00,"You've claimed ""MySudokuWorld"" on Strategic Flow Directory ✓",noreply@strategicflow.tech,mysudokuworld@gmail.com,,,,delivered,2026-08-06 08:16:47.752+00,,24236843-a459-40f7-87b4-5e3de9e4497a,
fcc0147e-7ef4-42c6-8739-bbf698091594,2026-08-06 08:50:27.89719+00,"Verify you own ""SublimeKeys"" on Strategic Flow Directory",noreply@strategicflow.tech,hello@sublimearts.io,,,,delivered,2026-08-06 08:50:28.218+00,,24236843-a459-40f7-87b4-5e3de9e4497a,
742868b0-20d4-4680-a97a-91350d299723,2026-08-06 08:50:58.611646+00,"You've claimed ""SublimeKeys"" on Strategic Flow Directory ✓",noreply@strategicflow.tech,hello@sublimearts.io,,,,delivered,2026-08-06 08:50:58.925+00,,24236843-a459-40f7-87b4-5e3de9e4497a,